<?xml version='1.0' encoding='UTF-8'?>  
<!DOCTYPE hibernate-configuration PUBLIC  
          "-//Hibernate/Hibernate Configuration DTD 3.0//EN"  
          "http://hibernate.sourceforge.net/hibernate-configuration-3.0.dtd">

<hibernate-configuration>

	<session-factory>
		<property name="connection.url">jdbc:oracle:thin:@localhost:1521:xe</property>

		<property name="connection.driver_class">oracle.jdbc.driver.OracleDriver 
		</property>
		<property name="hibernate.connection.username">system</property>
		<property name="hibernate.connection.password">123456789</property>
		<property name="hibernate.dialect">org.hibernate.dialect.Oracle10gDialect
		</property>
		<property name="hbm2ddl.auto">update</property>
		<mapping resource="mapping.hbm.xml" />
	</session-factory>

</hibernate-configuration>